{"cameraMode":{"drawMode":0,"name":"Shaded","section":"Shading Mode"},"sceneLighting":false,"audioPlay":false,"sceneViewState":{"showFog":true,"showMaterialUpdate":true,"showSkybox":true,"showFlares":true,"showImageEffects":true,"showParticleSystems":true},"in2DMode":false,"pivot":{"x":0.5150003433227539,"y":-0.6388645172119141,"z":130.31939697265626},"rotation":{"x":-0.25465846061706545,"y":0.20100955665111543,"z":-0.05420362576842308,"w":-0.9443548917770386},"size":186.49313354492188,"orthographic":false}