{"cameraMode":{"drawMode":0,"name":"Shaded","section":"Shading Mode"},"sceneLighting":true,"audioPlay":false,"sceneViewState":{"showFog":false,"showMaterialUpdate":false,"showSkybox":false,"showFlares":false,"showImageEffects":false,"showParticleSystems":false},"in2DMode":false,"pivot":{"x":4.610752105712891,"y":-4.676553249359131,"z":-33.91743850708008},"rotation":{"x":0.0017063473351299763,"y":-0.9951537251472473,"z":0.09673179686069489,"w":0.017583439126610757},"size":22.0,"orthographic":false}