{"cameraMode":{"drawMode":0,"name":"Shaded","section":"Shading Mode"},"sceneLighting":false,"audioPlay":false,"sceneViewState":{"showFog":true,"showMaterialUpdate":true,"showSkybox":true,"showFlares":true,"showImageEffects":true,"showParticleSystems":true},"in2DMode":false,"pivot":{"x":0.0,"y":0.6000000834465027,"z":-7.450580596923828e-8},"rotation":{"x":0.06374400854110718,"y":-0.05866095796227455,"z":0.0037536013405770065,"w":0.9962337017059326},"size":4.166268825531006,"orthographic":false}