{"cameraMode":{"drawMode":0,"name":"Shaded","section":"Shading Mode"},"sceneLighting":false,"audioPlay":false,"sceneViewState":{"showFog":false,"showMaterialUpdate":false,"showSkybox":false,"showFlares":false,"showImageEffects":false,"showParticleSystems":false},"in2DMode":false,"pivot":{"x":0.0,"y":0.41827213764190676,"z":0.06509280204772949},"rotation":{"x":0.04797665402293205,"y":-0.7105374336242676,"z":0.04867478087544441,"w":0.7003324627876282},"size":5.183099269866943,"orthographic":false}