{"cameraMode":{"drawMode":0,"name":"Shaded","section":"Shading Mode"},"sceneLighting":false,"audioPlay":false,"sceneViewState":{"showFog":false,"showMaterialUpdate":false,"showSkybox":false,"showFlares":false,"showImageEffects":false,"showParticleSystems":false},"in2DMode":false,"pivot":{"x":-0.2941087782382965,"y":0.04143041372299194,"z":0.03087770938873291},"rotation":{"x":0.06893154978752136,"y":0.9303072094917297,"z":-0.2344745397567749,"w":0.27349352836608889},"size":5.957699298858643,"orthographic":false}