{"cameraMode":{"drawMode":0,"name":"Shaded","section":"Shading Mode"},"sceneLighting":false,"audioPlay":false,"sceneViewState":{"showFog":true,"showMaterialUpdate":true,"showSkybox":true,"showFlares":true,"showImageEffects":true,"showParticleSystems":true},"in2DMode":false,"pivot":{"x":0.0,"y":0.839191198348999,"z":0.07650446891784668},"rotation":{"x":-0.1066325455904007,"y":-0.5342715382575989,"z":0.06816470623016358,"w":-0.8357853293418884},"size":11.350972175598145,"orthographic":false}