{"cameraMode":{"drawMode":0,"name":"Shaded","section":"Shading Mode"},"sceneLighting":false,"audioPlay":false,"sceneViewState":{"showFog":true,"showMaterialUpdate":true,"showSkybox":true,"showFlares":true,"showImageEffects":true,"showParticleSystems":true},"in2DMode":false,"pivot":{"x":502.80999755859377,"y":-1.9639999866485596,"z":723.9730224609375},"rotation":{"x":0.6829364895820618,"y":0.08582243323326111,"z":-0.08130893856287003,"w":0.720847487449646},"size":0.6452344655990601,"orthographic":false}