{"cameraMode":{"drawMode":0,"name":"Shaded","section":"Shading Mode"},"sceneLighting":true,"audioPlay":false,"sceneViewState":{"showFog":false,"showMaterialUpdate":false,"showSkybox":false,"showFlares":false,"showImageEffects":false,"showParticleSystems":false},"in2DMode":false,"pivot":{"x":8.5489501953125,"y":8.779296875,"z":4065.8671875},"rotation":{"x":0.3404514491558075,"y":-0.0028222461696714164,"z":0.0010213067289441825,"w":0.9402573704719544},"size":25.46303939819336,"orthographic":true}