{"cameraMode":{"drawMode":0,"name":"Shaded","section":"Shading Mode"},"sceneLighting":false,"audioPlay":false,"sceneViewState":{"showFog":false,"showMaterialUpdate":false,"showSkybox":false,"showFlares":false,"showImageEffects":false,"showParticleSystems":false},"in2DMode":false,"pivot":{"x":0.510986328125,"y":0.3870849609375,"z":0.3487548828125},"rotation":{"x":0.1678030639886856,"y":-0.46246546506881716,"z":0.08961189538240433,"w":0.8659893274307251},"size":1.492873191833496,"orthographic":true}