{"cameraMode":{"drawMode":0,"name":"Shaded","section":"Shading Mode"},"sceneLighting":false,"audioPlay":false,"sceneViewState":{"showFog":true,"showMaterialUpdate":true,"showSkybox":true,"showFlares":true,"showImageEffects":true,"showParticleSystems":true},"in2DMode":false,"pivot":{"x":0.0,"y":1.0867555141448975,"z":0.24331879615783692},"rotation":{"x":-0.17395195364952088,"y":0.38126233220100405,"z":-0.0732850506901741,"w":-0.9049912095069885},"size":11.653853416442871,"orthographic":false}