{"cameraMode":{"drawMode":0,"name":"Shaded","section":"Shading Mode"},"sceneLighting":false,"audioPlay":false,"sceneViewState":{"showFog":true,"showMaterialUpdate":true,"showSkybox":true,"showFlares":true,"showImageEffects":true,"showParticleSystems":true},"in2DMode":false,"pivot":{"x":-7.19775390625,"y":10.261795043945313,"z":123.73003387451172},"rotation":{"x":-0.316940575838089,"y":0.6210560202598572,"z":-0.3029956817626953,"w":-0.6496397852897644},"size":267.96258544921877,"orthographic":false}