{"cameraMode":{"drawMode":0,"name":"Shaded","section":"Shading Mode"},"sceneLighting":false,"audioPlay":false,"sceneViewState":{"showFog":false,"showMaterialUpdate":false,"showSkybox":false,"showFlares":false,"showImageEffects":false,"showParticleSystems":false},"in2DMode":false,"pivot":{"x":-1.84912109375,"y":-71.63705444335938,"z":163.85174560546876},"rotation":{"x":-0.3336423635482788,"y":0.4729751646518707,"z":-0.19958585500717164,"w":-0.7906597256660461},"size":503.4582824707031,"orthographic":false}