{"cameraMode":{"drawMode":0,"name":"Shaded","section":"Shading Mode"},"sceneLighting":false,"audioPlay":false,"sceneViewState":{"showFog":false,"showMaterialUpdate":false,"showSkybox":false,"showFlares":false,"showImageEffects":false,"showParticleSystems":false},"in2DMode":false,"pivot":{"x":0.0,"y":1.0867555141448975,"z":0.24331879615783692},"rotation":{"x":0.012075325474143029,"y":-0.919971227645874,"z":0.028435733169317247,"w":0.3907667398452759},"size":11.653853416442871,"orthographic":false}