{"cameraMode":{"drawMode":0,"name":"Shaded","section":"Shading Mode"},"sceneLighting":false,"audioPlay":false,"sceneViewState":{"showFog":true,"showMaterialUpdate":true,"showSkybox":true,"showFlares":true,"showImageEffects":true,"showParticleSystems":true},"in2DMode":false,"pivot":{"x":0.0,"y":0.9661732912063599,"z":0.13018560409545899},"rotation":{"x":-0.23730851709842683,"y":0.5417239665985107,"z":-0.16277755796909333,"w":-0.7897616028785706},"size":7.44819974899292,"orthographic":false}