{"cameraMode":{"drawMode":0,"name":"Shaded","section":"Shading Mode"},"sceneLighting":false,"audioPlay":false,"sceneViewState":{"showFog":true,"showMaterialUpdate":true,"showSkybox":true,"showFlares":true,"showImageEffects":true,"showParticleSystems":true},"in2DMode":false,"pivot":{"x":0.0,"y":0.8365442752838135,"z":0.13018560409545899},"rotation":{"x":0.1407911628484726,"y":-0.641227126121521,"z":0.12125939875841141,"w":0.7445144653320313},"size":10.366198539733887,"orthographic":false}