{"cameraMode":{"drawMode":0,"name":"Shaded","section":"Shading Mode"},"sceneLighting":false,"audioPlay":false,"sceneViewState":{"showFog":true,"showMaterialUpdate":true,"showSkybox":true,"showFlares":true,"showImageEffects":true,"showParticleSystems":true},"in2DMode":false,"pivot":{"x":-141.35000610351563,"y":0.0,"z":304.6600036621094},"rotation":{"x":-0.002976431278511882,"y":0.7053929567337036,"z":-0.7088041305541992,"w":-0.002962565515190363},"size":0.3452344536781311,"orthographic":false}