{"cameraMode":{"drawMode":0,"name":"Shaded","section":"Shading Mode"},"sceneLighting":false,"audioPlay":false,"sceneViewState":{"showFog":false,"showMaterialUpdate":false,"showSkybox":false,"showFlares":false,"showImageEffects":false,"showParticleSystems":false},"in2DMode":false,"pivot":{"x":15.628898620605469,"y":-1.8799999952316285,"z":188.3639373779297},"rotation":{"x":-0.27635565400123598,"y":0.5706378817558289,"z":-0.21206815540790559,"w":-0.7436579465866089},"size":578.9697875976563,"orthographic":false}