{"cameraMode":{"drawMode":0,"name":"Shaded","section":"Shading Mode"},"sceneLighting":false,"audioPlay":false,"sceneViewState":{"showFog":false,"showMaterialUpdate":false,"showSkybox":false,"showFlares":false,"showImageEffects":false,"showParticleSystems":false},"in2DMode":false,"pivot":{"x":3.0900163650512697,"y":-1.5997642278671265,"z":6.275350570678711},"rotation":{"x":0.012075325474143029,"y":-0.919971227645874,"z":0.028435733169317247,"w":0.3907667398452759},"size":11.350977897644043,"orthographic":false}