{"cameraMode":{"drawMode":0,"name":"Shaded","section":"Shading Mode"},"sceneLighting":true,"audioPlay":false,"sceneViewState":{"showFog":true,"showMaterialUpdate":false,"showSkybox":true,"showFlares":true,"showImageEffects":true,"showParticleSystems":true},"in2DMode":false,"pivot":{"x":-52.82344055175781,"y":-276.61053466796877,"z":89.06118774414063},"rotation":{"x":-0.3625226318836212,"y":0.07738880068063736,"z":-0.030216636136174203,"w":-0.9283007383346558},"size":644.3101806640625,"orthographic":false}