{"cameraMode":{"drawMode":0,"name":"Shaded","section":"Shading Mode"},"sceneLighting":true,"audioPlay":false,"sceneViewState":{"showFog":true,"showMaterialUpdate":false,"showSkybox":false,"showFlares":true,"showImageEffects":true,"showParticleSystems":true},"in2DMode":false,"pivot":{"x":-0.5000002384185791,"y":3.0299997329711916,"z":-13.0},"rotation":{"x":-0.006219560746103525,"y":-0.9750078916549683,"z":0.22039580345153809,"w":-0.02751011960208416},"size":18.328624725341798,"orthographic":false}