{"cameraMode":{"drawMode":0,"name":"Shaded","section":"Shading Mode"},"sceneLighting":true,"audioPlay":false,"sceneViewState":{"showFog":true,"showMaterialUpdate":false,"showSkybox":true,"showFlares":true,"showImageEffects":true,"showParticleSystems":true},"in2DMode":false,"pivot":{"x":-159.51358032226563,"y":-192.51353454589845,"z":682.6982421875},"rotation":{"x":0.12578265368938447,"y":-0.874219536781311,"z":0.3323661684989929,"w":0.3308490216732025},"size":3459.874267578125,"orthographic":false}