{"cameraMode":{"drawMode":0,"name":"Shaded","section":"Shading Mode"},"sceneLighting":false,"audioPlay":false,"sceneViewState":{"showFog":true,"showMaterialUpdate":false,"showSkybox":true,"showFlares":true,"showImageEffects":true,"showParticleSystems":true},"in2DMode":false,"pivot":{"x":0.0,"y":1.4671733379364014,"z":0.13018560409545899},"rotation":{"x":-0.5930230617523193,"y":0.0016887583769857884,"z":-0.0012437956174835563,"w":-0.8051828145980835},"size":2.857893466949463,"orthographic":false}