{"cameraMode":{"drawMode":0,"name":"Shaded","section":"Shading Mode"},"sceneLighting":true,"audioPlay":false,"sceneViewState":{"showFog":true,"showMaterialUpdate":false,"showSkybox":true,"showFlares":true,"showImageEffects":true,"showParticleSystems":true},"in2DMode":false,"pivot":{"x":3.155061721801758,"y":2.0208516120910646,"z":-2.730832099914551},"rotation":{"x":-0.18897628784179688,"y":0.6969125866889954,"z":-0.1987491399049759,"w":-0.6626459360122681},"size":7.928456783294678,"orthographic":false}