{"cameraMode":{"drawMode":0,"name":"Shaded","section":"Shading Mode"},"sceneLighting":false,"audioPlay":false,"sceneViewState":{"showFog":true,"showMaterialUpdate":false,"showSkybox":true,"showFlares":true,"showImageEffects":true,"showParticleSystems":true},"in2DMode":false,"pivot":{"x":90.5999984741211,"y":-1.0,"z":100.79999542236328},"rotation":{"x":0.5215837359428406,"y":0.07048302888870239,"z":-0.04329149052500725,"w":0.8491809964179993},"size":21.333940505981447,"orthographic":false}