{"cameraMode":{"drawMode":0,"name":"Shaded","section":"Shading Mode"},"sceneLighting":false,"audioPlay":false,"sceneViewState":{"showFog":true,"showMaterialUpdate":false,"showSkybox":true,"showFlares":true,"showImageEffects":true,"showParticleSystems":true},"in2DMode":false,"pivot":{"x":593.2562255859375,"y":-16.556705474853517,"z":250.18026733398438},"rotation":{"x":-0.3567778766155243,"y":0.2638840973377228,"z":-0.105804443359375,"w":-0.8898764848709106},"size":60.28236770629883,"orthographic":false}