{"cameraMode":{"drawMode":0,"name":"Shaded","section":"Shading Mode"},"sceneLighting":false,"audioPlay":false,"sceneViewState":{"showFog":true,"showMaterialUpdate":false,"showSkybox":true,"showFlares":true,"showImageEffects":true,"showParticleSystems":true},"in2DMode":false,"pivot":{"x":178.8000030517578,"y":-1.0,"z":110.00000762939453},"rotation":{"x":0.4232969284057617,"y":-0.1401042640209198,"z":0.06644204258918762,"w":0.8926230669021606},"size":34.015621185302737,"orthographic":false}