{"cameraMode":{"drawMode":0,"name":"Shaded","section":"Shading Mode"},"sceneLighting":false,"audioPlay":false,"sceneViewState":{"showFog":true,"showMaterialUpdate":false,"showSkybox":true,"showFlares":true,"showImageEffects":true,"showParticleSystems":true},"in2DMode":false,"pivot":{"x":7.1450042724609379,"y":-0.7364213466644287,"z":151.39981079101563},"rotation":{"x":-0.5930230617523193,"y":0.0016887583769857884,"z":-0.0012437956174835563,"w":-0.8051828145980835},"size":742.1784057617188,"orthographic":false}