{"cameraMode":{"drawMode":0,"name":"Shaded","section":"Shading Mode"},"sceneLighting":false,"audioPlay":false,"sceneViewState":{"showFog":true,"showMaterialUpdate":false,"showSkybox":true,"showFlares":true,"showImageEffects":true,"showParticleSystems":true},"in2DMode":false,"pivot":{"x":291.79998779296877,"y":-1.0,"z":96.4000015258789},"rotation":{"x":0.4284360110759735,"y":-0.07277525216341019,"z":0.034646011888980868,"w":0.8999699950218201},"size":34.015621185302737,"orthographic":false}