{"cameraMode":{"drawMode":0,"name":"Shaded","section":"Shading Mode"},"sceneLighting":false,"audioPlay":false,"sceneViewState":{"showFog":true,"showMaterialUpdate":false,"showSkybox":true,"showFlares":true,"showImageEffects":true,"showParticleSystems":true},"in2DMode":false,"pivot":{"x":-33.560001373291019,"y":-1.0,"z":50.099998474121097},"rotation":{"x":0.35094696283340456,"y":0.03258770704269409,"z":-0.012221657671034336,"w":0.9357483386993408},"size":33.82533645629883,"orthographic":false}