{"cameraMode":{"drawMode":0,"name":"Shaded","section":"Shading Mode"},"sceneLighting":false,"audioPlay":false,"sceneViewState":{"showFog":true,"showMaterialUpdate":false,"showSkybox":true,"showFlares":true,"showImageEffects":true,"showParticleSystems":true},"in2DMode":false,"pivot":{"x":72.034912109375,"y":37.39091491699219,"z":121.41094207763672},"rotation":{"x":-0.37569141387939455,"y":0.053040143102407458,"z":-0.02154827117919922,"w":-0.9249748587608337},"size":207.2752685546875,"orthographic":false}