{"cameraMode":{"drawMode":0,"name":"Shaded","section":"Shading Mode"},"sceneLighting":false,"audioPlay":false,"sceneViewState":{"showFog":true,"showMaterialUpdate":false,"showSkybox":false,"showFlares":true,"showImageEffects":true,"showParticleSystems":true},"in2DMode":false,"pivot":{"x":675.44189453125,"y":563.4314575195313,"z":-56.3223876953125},"rotation":{"x":0.036191318184137347,"y":0.07786481082439423,"z":-0.002828545868396759,"w":0.9963042736053467},"size":500.14739990234377,"orthographic":false}