{"cameraMode":{"drawMode":0,"name":"Shaded","section":"Shading Mode"},"sceneLighting":true,"audioPlay":false,"sceneViewState":{"showFog":true,"showMaterialUpdate":false,"showSkybox":true,"showFlares":true,"showImageEffects":true,"showParticleSystems":true},"in2DMode":false,"pivot":{"x":12.615561485290528,"y":6.492341041564941,"z":-24.216880798339845},"rotation":{"x":-0.05273318663239479,"y":0.8654058575630188,"z":-0.4895554184913635,"w":-0.09331431984901428},"size":15.782350540161133,"orthographic":false}