{"cameraMode":{"drawMode":0,"name":"Shaded","section":"Shading Mode"},"sceneLighting":false,"audioPlay":false,"sceneViewState":{"showFog":true,"showMaterialUpdate":false,"showSkybox":false,"showFlares":true,"showImageEffects":true,"showParticleSystems":true},"in2DMode":false,"pivot":{"x":1.4496153593063355,"y":-5.011421203613281,"z":3.4368934631347658},"rotation":{"x":0.01734551414847374,"y":0.877814531326294,"z":-0.47762736678123476,"w":0.031879909336566928},"size":72.44485473632813,"orthographic":false}