{"cameraMode":{"drawMode":0,"name":"Shaded","section":"Shading Mode"},"sceneLighting":false,"audioPlay":false,"sceneViewState":{"showFog":true,"showMaterialUpdate":false,"showSkybox":false,"showFlares":true,"showImageEffects":true,"showParticleSystems":true},"in2DMode":false,"pivot":{"x":-0.19041013717651368,"y":1.4822802543640137,"z":15.499998092651368},"rotation":{"x":-0.10443761199712753,"y":0.8787747621536255,"z":-0.225152388215065,"w":-0.40770426392555239},"size":56.09019470214844,"orthographic":false}