{"cameraMode":{"drawMode":0,"name":"Shaded","section":"Shading Mode"},"sceneLighting":false,"audioPlay":false,"sceneViewState":{"showFog":true,"showMaterialUpdate":false,"showSkybox":false,"showFlares":true,"showImageEffects":true,"showParticleSystems":true},"in2DMode":false,"pivot":{"x":-0.2418760061264038,"y":0.8952912092208862,"z":-0.46745169162750246},"rotation":{"x":0.05066455155611038,"y":0.8554820418357849,"z":-0.08522480726242066,"w":0.50829017162323},"size":3.2700250148773195,"orthographic":false}