{"cameraMode":{"drawMode":0,"name":"Shaded","section":"Shading Mode"},"sceneLighting":false,"audioPlay":false,"sceneViewState":{"showFog":true,"showMaterialUpdate":false,"showSkybox":false,"showFlares":true,"showImageEffects":true,"showParticleSystems":true},"in2DMode":false,"pivot":{"x":0.0,"y":0.800000011920929,"z":-0.20000000298023225},"rotation":{"x":0.01734551414847374,"y":0.877814531326294,"z":-0.47762736678123476,"w":0.031879909336566928},"size":30.413171768188478,"orthographic":false}