{"cameraMode":{"drawMode":0,"name":"Shaded","section":"Shading Mode"},"sceneLighting":false,"audioPlay":false,"sceneViewState":{"showFog":true,"showMaterialUpdate":false,"showSkybox":false,"showFlares":true,"showImageEffects":true,"showParticleSystems":true},"in2DMode":false,"pivot":{"x":-16.809999465942384,"y":1.83660888671875,"z":-10.370166778564454},"rotation":{"x":0.00273061147890985,"y":0.9965097904205322,"z":-0.07518897205591202,"w":0.03619023412466049},"size":21.917282104492189,"orthographic":false}