{"cameraMode":{"drawMode":0,"name":"Shaded","section":"Shading Mode"},"sceneLighting":false,"audioPlay":false,"sceneViewState":{"showFog":true,"showMaterialUpdate":false,"showSkybox":false,"showFlares":true,"showImageEffects":true,"showParticleSystems":true},"in2DMode":false,"pivot":{"x":-9.119999885559082,"y":0.0,"z":-9.199999809265137},"rotation":{"x":0.00273061147890985,"y":0.9965097904205322,"z":-0.07518897205591202,"w":0.03619023412466049},"size":18.067829132080079,"orthographic":false}