{"cameraMode":{"drawMode":0,"name":"Shaded","section":"Shading Mode"},"sceneLighting":false,"audioPlay":false,"sceneViewState":{"showFog":true,"showMaterialUpdate":false,"showSkybox":false,"showFlares":true,"showImageEffects":true,"showParticleSystems":true},"in2DMode":false,"pivot":{"x":0.0,"y":0.800000011920929,"z":-0.20000000298023225},"rotation":{"x":0.007439553737640381,"y":0.9656529426574707,"z":-0.25823912024497988,"w":0.027819503098726274},"size":13.394573211669922,"orthographic":false}