{"cameraMode":{"drawMode":0,"name":"Shaded","section":"Shading Mode"},"sceneLighting":false,"audioPlay":false,"sceneViewState":{"showFog":true,"showMaterialUpdate":false,"showSkybox":false,"showFlares":true,"showImageEffects":true,"showParticleSystems":true},"in2DMode":false,"pivot":{"x":-43.20000076293945,"y":0.0,"z":11.300000190734864},"rotation":{"x":0.00273061147890985,"y":0.9965097904205322,"z":-0.07518897205591202,"w":0.03619023412466049},"size":16.891563415527345,"orthographic":false}