{"cameraMode":{"drawMode":0,"name":"Shaded","section":"Shading Mode"},"sceneLighting":true,"audioPlay":false,"sceneViewState":{"showFog":true,"showMaterialUpdate":false,"showSkybox":true,"showFlares":true,"showImageEffects":true,"showParticleSystems":true},"in2DMode":false,"pivot":{"x":205.85324096679688,"y":-65.37934875488281,"z":-328.8128662109375},"rotation":{"x":0.06743348389863968,"y":0.9315308928489685,"z":-0.2282552272081375,"w":0.2750464379787445},"size":695.4404907226563,"orthographic":false}