{"cameraMode":{"drawMode":0,"name":"Shaded","section":"Shading Mode"},"sceneLighting":false,"audioPlay":false,"sceneViewState":{"showFog":true,"showMaterialUpdate":false,"showSkybox":false,"showFlares":true,"showImageEffects":true,"showParticleSystems":true},"in2DMode":false,"pivot":{"x":-1.4899473190307618,"y":-11.00246810913086,"z":6.544170379638672},"rotation":{"x":0.011755676940083504,"y":0.9623639583587647,"z":-0.2682177424430847,"w":0.042179498821496966},"size":50.0799674987793,"orthographic":false}