{"cameraMode":{"drawMode":0,"name":"Shaded","section":"Shading Mode"},"sceneLighting":false,"audioPlay":false,"sceneViewState":{"showFog":true,"showMaterialUpdate":false,"showSkybox":false,"showFlares":true,"showImageEffects":true,"showParticleSystems":true},"in2DMode":false,"pivot":{"x":15.154825210571289,"y":-12.058938980102539,"z":22.617773056030275},"rotation":{"x":-0.05273318663239479,"y":0.8654058575630188,"z":-0.4895554184913635,"w":-0.09331431984901428},"size":44.05889129638672,"orthographic":false}