{"cameraMode":{"drawMode":0,"name":"Shaded","section":"Shading Mode"},"sceneLighting":false,"audioPlay":false,"sceneViewState":{"showFog":true,"showMaterialUpdate":false,"showSkybox":false,"showFlares":true,"showImageEffects":true,"showParticleSystems":true},"in2DMode":false,"pivot":{"x":0.8785524368286133,"y":-10.788511276245118,"z":6.622383117675781},"rotation":{"x":0.011755676940083504,"y":0.9623639583587647,"z":-0.2682177424430847,"w":0.042179498821496966},"size":51.58198928833008,"orthographic":false}