{"cameraMode":{"drawMode":0,"name":"Shaded","section":"Shading Mode"},"sceneLighting":false,"audioPlay":false,"sceneViewState":{"showFog":true,"showMaterialUpdate":false,"showSkybox":false,"showFlares":true,"showImageEffects":true,"showParticleSystems":true},"in2DMode":false,"pivot":{"x":0.00039076805114746094,"y":6.440122127532959,"z":4.76837158203125e-7},"rotation":{"x":-0.02305043488740921,"y":0.9381361603736877,"z":-0.06371736526489258,"w":-0.3396715521812439},"size":23.325803756713868,"orthographic":false}