{"cameraMode":{"drawMode":0,"name":"Shaded","section":"Shading Mode"},"sceneLighting":false,"audioPlay":false,"sceneViewState":{"showFog":true,"showMaterialUpdate":false,"showSkybox":false,"showFlares":true,"showImageEffects":true,"showParticleSystems":true},"in2DMode":false,"pivot":{"x":27.211933135986329,"y":-2.1094114780426027,"z":4.311710357666016},"rotation":{"x":0.04801730066537857,"y":0.951968789100647,"z":-0.21969039738178254,"w":0.20799531042575837},"size":54.90538787841797,"orthographic":false}