{"cameraMode":{"drawMode":0,"name":"Shaded","section":"Shading Mode"},"sceneLighting":false,"audioPlay":false,"sceneViewState":{"showFog":true,"showMaterialUpdate":true,"showSkybox":false,"showFlares":true,"showImageEffects":true,"showParticleSystems":true},"in2DMode":false,"pivot":{"x":-25.16560173034668,"y":-1.1414932012557984,"z":6.595002174377441},"rotation":{"x":-0.40694060921669009,"y":0.0337015725672245,"z":-0.015026441775262356,"w":-0.9127297401428223},"size":3.5295968055725099,"orthographic":false}