{"cameraMode":{"drawMode":0,"name":"Shaded","section":"Shading Mode"},"sceneLighting":false,"audioPlay":false,"sceneViewState":{"showFog":true,"showMaterialUpdate":false,"showSkybox":true,"showFlares":true,"showImageEffects":true,"showParticleSystems":true},"in2DMode":false,"pivot":{"x":1.3897018432617188,"y":-0.2022542953491211,"z":-0.7791743278503418},"rotation":{"x":-0.44908860325813296,"y":0.37743720412254336,"z":-0.21726524829864503,"w":-0.7801647782325745},"size":3.390272855758667,"orthographic":false}