{"cameraMode":{"drawMode":0,"name":"Shaded","section":"Shading Mode"},"sceneLighting":false,"audioPlay":false,"sceneViewState":{"showFog":true,"showMaterialUpdate":true,"showSkybox":false,"showFlares":true,"showImageEffects":true,"showParticleSystems":true},"in2DMode":false,"pivot":{"x":27.96399688720703,"y":0.17148315906524659,"z":-0.48702144622802737},"rotation":{"x":-0.07196614891290665,"y":0.9279965758323669,"z":-0.2637348175048828,"w":-0.2532280385494232},"size":2.7000560760498049,"orthographic":false}