{"cameraMode":{"drawMode":0,"name":"Shaded","section":"Shading Mode"},"sceneLighting":true,"audioPlay":false,"sceneViewState":{"showFog":true,"showMaterialUpdate":true,"showSkybox":true,"showFlares":true,"showImageEffects":true,"showParticleSystems":true},"in2DMode":false,"pivot":{"x":0.0,"y":9.245674133300782,"z":92.9307861328125},"rotation":{"x":0.029126279056072236,"y":0.9699978828430176,"z":-0.14839647710323335,"w":0.19037523865699769},"size":5.831890106201172,"orthographic":false}