{"cameraMode":{"drawMode":0,"name":"Shaded","section":"Shading Mode"},"sceneLighting":false,"audioPlay":false,"sceneViewState":{"showFog":true,"showMaterialUpdate":true,"showSkybox":false,"showFlares":true,"showImageEffects":true,"showParticleSystems":true},"in2DMode":false,"pivot":{"x":-3.90419864654541,"y":1.6208480596542359,"z":8.061424255371094},"rotation":{"x":0.26046374440193179,"y":0.5265927910804749,"z":-0.17351815104484559,"w":0.7904403209686279},"size":29.438732147216798,"orthographic":false}