{"cameraMode":{"drawMode":0,"name":"Shaded","section":"Shading Mode"},"sceneLighting":false,"audioPlay":false,"sceneViewState":{"showFog":true,"showMaterialUpdate":true,"showSkybox":false,"showFlares":true,"showImageEffects":true,"showParticleSystems":true},"in2DMode":false,"pivot":{"x":-8.100000381469727,"y":0.0,"z":19.600000381469728},"rotation":{"x":0.12400028109550476,"y":-0.7335564494132996,"z":0.13917648792266847,"w":0.6535665392875671},"size":16.707542419433595,"orthographic":true}