{"cameraMode":{"drawMode":0,"name":"Shaded","section":"Shading Mode"},"sceneLighting":false,"audioPlay":false,"sceneViewState":{"showFog":true,"showMaterialUpdate":true,"showSkybox":false,"showFlares":true,"showImageEffects":true,"showParticleSystems":true},"in2DMode":false,"pivot":{"x":-21.287864685058595,"y":-0.38854408264160159,"z":-10.102777481079102},"rotation":{"x":-0.02686225064098835,"y":0.9180246591567993,"z":0.06316417455673218,"w":0.39071565866470339},"size":9.832008361816407,"orthographic":false}