{"cameraMode":{"drawMode":0,"name":"Shaded","section":"Shading Mode"},"sceneLighting":false,"audioPlay":false,"sceneViewState":{"showFog":true,"showMaterialUpdate":true,"showSkybox":false,"showFlares":true,"showImageEffects":true,"showParticleSystems":true},"in2DMode":false,"pivot":{"x":-4.168233871459961,"y":-1.249583125114441,"z":-1.7638866901397706},"rotation":{"x":-0.5071869492530823,"y":-0.061173442751169208,"z":0.036106131970882419,"w":-0.8589209914207459},"size":3.9364120960235597,"orthographic":false}