{"cameraMode":{"drawMode":0,"name":"Shaded","section":"Shading Mode"},"sceneLighting":false,"audioPlay":false,"sceneViewState":{"showFog":true,"showMaterialUpdate":true,"showSkybox":false,"showFlares":true,"showImageEffects":true,"showParticleSystems":true},"in2DMode":false,"pivot":{"x":3.3222084045410158,"y":1.2813405990600587,"z":-2.965836763381958},"rotation":{"x":-0.10048412531614304,"y":0.7079994082450867,"z":-0.10289590805768967,"w":-0.6915135979652405},"size":9.568131446838379,"orthographic":false}