{"cameraMode":{"drawMode":0,"name":"Shaded","section":"Shading Mode"},"sceneLighting":false,"audioPlay":false,"sceneViewState":{"showFog":true,"showMaterialUpdate":true,"showSkybox":false,"showFlares":true,"showImageEffects":true,"showParticleSystems":true},"in2DMode":false,"pivot":{"x":-9.141745567321778,"y":-0.6185731887817383,"z":-6.782497882843018},"rotation":{"x":-0.5034564137458801,"y":-0.18907424807548524,"z":0.11395423114299774,"w":-0.8353438377380371},"size":3.075744390487671,"orthographic":false}