{"cameraMode":{"drawMode":0,"name":"Shaded","section":"Shading Mode"},"sceneLighting":false,"audioPlay":false,"sceneViewState":{"showFog":true,"showMaterialUpdate":true,"showSkybox":false,"showFlares":true,"showImageEffects":true,"showParticleSystems":true},"in2DMode":false,"pivot":{"x":1.4047527313232422,"y":-0.12339162826538086,"z":1.7397135496139527},"rotation":{"x":0.26456838846206667,"y":0.45035475492477419,"z":-0.1416858732700348,"w":0.8409240245819092},"size":6.760651588439941,"orthographic":false}