{"cameraMode":{"drawMode":0,"name":"Shaded","section":"Shading Mode"},"sceneLighting":false,"audioPlay":false,"sceneViewState":{"showFog":true,"showMaterialUpdate":true,"showSkybox":false,"showFlares":true,"showImageEffects":true,"showParticleSystems":true},"in2DMode":false,"pivot":{"x":5.730614185333252,"y":-0.24067091941833497,"z":12.995430946350098},"rotation":{"x":-0.665621280670166,"y":-0.07498607039451599,"z":0.06755080819129944,"w":-0.7394621968269348},"size":2.80759334564209,"orthographic":false}