{"cameraMode":{"drawMode":0,"name":"Shaded","section":"Shading Mode"},"sceneLighting":false,"audioPlay":false,"sceneViewState":{"showFog":true,"showMaterialUpdate":true,"showSkybox":false,"showFlares":true,"showImageEffects":true,"showParticleSystems":true},"in2DMode":false,"pivot":{"x":13.205546379089356,"y":-0.850314199924469,"z":-0.8146241903305054},"rotation":{"x":-0.06806622445583344,"y":0.8941050171852112,"z":-0.41808804869651797,"w":-0.14556622505187989},"size":3.5311856269836427,"orthographic":false}