{"cameraMode":{"drawMode":0,"name":"Shaded","section":"Shading Mode"},"sceneLighting":false,"audioPlay":false,"sceneViewState":{"showFog":true,"showMaterialUpdate":true,"showSkybox":false,"showFlares":true,"showImageEffects":true,"showParticleSystems":true},"in2DMode":false,"pivot":{"x":67.88754272460938,"y":0.6994491815567017,"z":371.5885009765625},"rotation":{"x":0.0672614574432373,"y":-0.7846912145614624,"z":0.6101324558258057,"w":0.08650324493646622},"size":17.369884490966798,"orthographic":false}