{"cameraMode":{"drawMode":0,"name":"Shaded","section":"Shading Mode"},"sceneLighting":false,"audioPlay":false,"sceneViewState":{"showFog":true,"showMaterialUpdate":true,"showSkybox":false,"showFlares":true,"showImageEffects":true,"showParticleSystems":true},"in2DMode":false,"pivot":{"x":203.158935546875,"y":-162.29788208007813,"z":1442.271728515625},"rotation":{"x":-0.17986179888248444,"y":0.42803311347961428,"z":-0.087360680103302,"w":-0.8813764452934265},"size":1689.20703125,"orthographic":false}