{"cameraMode":{"drawMode":0,"name":"Shaded","section":"Shading Mode"},"sceneLighting":false,"audioPlay":false,"sceneViewState":{"showFog":true,"showMaterialUpdate":true,"showSkybox":false,"showFlares":true,"showImageEffects":true,"showParticleSystems":true},"in2DMode":false,"pivot":{"x":30.187461853027345,"y":-25.771697998046876,"z":958.8160400390625},"rotation":{"x":0.09910351037979126,"y":-0.03016515076160431,"z":0.0030248165130615236,"w":0.9946404099464417},"size":519.287353515625,"orthographic":false}