{"cameraMode":{"drawMode":0,"name":"Shaded","section":"Shading Mode"},"sceneLighting":false,"audioPlay":false,"sceneViewState":{"showFog":true,"showMaterialUpdate":true,"showSkybox":false,"showFlares":true,"showImageEffects":true,"showParticleSystems":true},"in2DMode":false,"pivot":{"x":8.89145278930664,"y":-0.25621190667152407,"z":21.191102981567384},"rotation":{"x":0.33030569553375246,"y":-0.1092481017112732,"z":0.03852439671754837,"w":0.9367417693138123},"size":1.665635108947754,"orthographic":false}