{"cameraMode":{"drawMode":0,"name":"Shaded","section":"Shading Mode"},"sceneLighting":false,"audioPlay":false,"sceneViewState":{"showFog":true,"showMaterialUpdate":true,"showSkybox":false,"showFlares":true,"showImageEffects":true,"showParticleSystems":true},"in2DMode":false,"pivot":{"x":-13.876819610595704,"y":0.47738099098205569,"z":-0.12451103329658508},"rotation":{"x":-0.0026478746440261604,"y":0.9858989715576172,"z":-0.16659627854824067,"w":-0.01566595770418644},"size":2.873941421508789,"orthographic":false}