{"cameraMode":{"drawMode":0,"name":"Shaded","section":"Shading Mode"},"sceneLighting":false,"audioPlay":false,"sceneViewState":{"showFog":true,"showMaterialUpdate":true,"showSkybox":false,"showFlares":true,"showImageEffects":true,"showParticleSystems":true},"in2DMode":false,"pivot":{"x":-20.383678436279298,"y":-0.11178386211395264,"z":6.250681400299072},"rotation":{"x":0.5519784092903137,"y":-0.21293041110038758,"z":0.14832307398319245,"w":0.7924649119377136},"size":3.194969654083252,"orthographic":false}