{"cameraMode":{"drawMode":0,"name":"Shaded","section":"Shading Mode"},"sceneLighting":false,"audioPlay":false,"sceneViewState":{"showFog":true,"showMaterialUpdate":true,"showSkybox":false,"showFlares":true,"showImageEffects":true,"showParticleSystems":true},"in2DMode":false,"pivot":{"x":-18.237594604492189,"y":0.3764514923095703,"z":14.61536693572998},"rotation":{"x":0.0023777447640895845,"y":0.13873884081840516,"z":-0.00031297290115617216,"w":0.9903396964073181},"size":1.6595866680145264,"orthographic":false}