{"cameraMode":{"drawMode":0,"name":"Shaded","section":"Shading Mode"},"sceneLighting":false,"audioPlay":false,"sceneViewState":{"showFog":true,"showMaterialUpdate":true,"showSkybox":false,"showFlares":true,"showImageEffects":true,"showParticleSystems":true},"in2DMode":false,"pivot":{"x":625.99169921875,"y":-1.9659538269042969,"z":708.8912963867188},"rotation":{"x":0.1848469376564026,"y":-0.7437849044799805,"z":0.6001153588294983,"w":0.22909821569919587},"size":19.19853973388672,"orthographic":false}