{"cameraMode":{"drawMode":0,"name":"Shaded","section":"Shading Mode"},"sceneLighting":false,"audioPlay":false,"sceneViewState":{"showFog":true,"showMaterialUpdate":true,"showSkybox":false,"showFlares":true,"showImageEffects":true,"showParticleSystems":true},"in2DMode":false,"pivot":{"x":-16.128036499023439,"y":0.1896660327911377,"z":7.696496486663818},"rotation":{"x":-0.0518733374774456,"y":-0.008081032894551754,"z":0.0004247564065735787,"w":-0.9986369013786316},"size":2.434687376022339,"orthographic":false}