{"cameraMode":{"drawMode":0,"name":"Shaded","section":"Shading Mode"},"sceneLighting":false,"audioPlay":false,"sceneViewState":{"showFog":true,"showMaterialUpdate":true,"showSkybox":false,"showFlares":true,"showImageEffects":true,"showParticleSystems":true},"in2DMode":false,"pivot":{"x":-0.028208136558532716,"y":0.048914968967437747,"z":-1.039491057395935},"rotation":{"x":-0.466522216796875,"y":0.3289642333984375,"z":-0.19227226078510285,"w":-0.7982508540153503},"size":3.6210744380950929,"orthographic":false}