{"cameraMode":{"drawMode":0,"name":"Shaded","section":"Shading Mode"},"sceneLighting":false,"audioPlay":false,"sceneViewState":{"showFog":true,"showMaterialUpdate":true,"showSkybox":false,"showFlares":true,"showImageEffects":true,"showParticleSystems":true},"in2DMode":false,"pivot":{"x":-0.40000009536743166,"y":-3.5364513397216799,"z":1356.7000732421875},"rotation":{"x":0.21366888284683228,"y":-0.3527332544326782,"z":0.08309801667928696,"w":0.9072324633598328},"size":69.56888580322266,"orthographic":false}