{"cameraMode":{"drawMode":0,"name":"Shaded","section":"Shading Mode"},"sceneLighting":false,"audioPlay":false,"sceneViewState":{"showFog":true,"showMaterialUpdate":true,"showSkybox":false,"showFlares":true,"showImageEffects":true,"showParticleSystems":true},"in2DMode":false,"pivot":{"x":1.6424522399902344,"y":6.748664855957031,"z":15.069720268249512},"rotation":{"x":0.5017435550689697,"y":0.2488798052072525,"z":-0.15339115262031556,"w":0.814141571521759},"size":39.9128303527832,"orthographic":false}