{"cameraMode":{"drawMode":0,"name":"Shaded","section":"Shading Mode"},"sceneLighting":false,"audioPlay":false,"sceneViewState":{"showFog":true,"showMaterialUpdate":true,"showSkybox":false,"showFlares":true,"showImageEffects":true,"showParticleSystems":true},"in2DMode":false,"pivot":{"x":-47.29100036621094,"y":1.2785000801086426,"z":2.96079158782959},"rotation":{"x":-0.07795862853527069,"y":0.5453099608421326,"z":-0.05103037506341934,"w":-0.8330512642860413},"size":23.93755531311035,"orthographic":false}