{"cameraMode":{"drawMode":0,"name":"Shaded","section":"Shading Mode"},"sceneLighting":false,"audioPlay":false,"sceneViewState":{"showFog":true,"showMaterialUpdate":true,"showSkybox":false,"showFlares":true,"showImageEffects":true,"showParticleSystems":true},"in2DMode":false,"pivot":{"x":27.525808334350587,"y":-48.983734130859378,"z":921.5607299804688},"rotation":{"x":0.2538931369781494,"y":0.027557039633393289,"z":-0.0072365631349384789,"w":0.9668135046958923},"size":270.083740234375,"orthographic":false}