{"cameraMode":{"drawMode":0,"name":"Shaded","section":"Shading Mode"},"sceneLighting":true,"audioPlay":false,"sceneViewState":{"showFog":true,"showMaterialUpdate":true,"showSkybox":false,"showFlares":true,"showImageEffects":true,"showParticleSystems":true},"in2DMode":false,"pivot":{"x":1.440134048461914,"y":-0.11463737487792969,"z":-47.541839599609378},"rotation":{"x":-0.14409303665161134,"y":0.6912878751754761,"z":-0.14365525543689729,"w":-0.6933495998382568},"size":18.611446380615236,"orthographic":false}