{"cameraMode":{"drawMode":0,"name":"Shaded","section":"Shading Mode"},"sceneLighting":false,"audioPlay":false,"sceneViewState":{"showFog":true,"showMaterialUpdate":true,"showSkybox":false,"showFlares":true,"showImageEffects":true,"showParticleSystems":true},"in2DMode":false,"pivot":{"x":-0.6000003814697266,"y":0.0,"z":626.0999755859375},"rotation":{"x":0.2538931369781494,"y":0.027557039633393289,"z":-0.0072365631349384789,"w":0.9668135046958923},"size":42.86825942993164,"orthographic":false}