{"cameraMode":{"drawMode":0,"name":"Shaded","section":"Shading Mode"},"sceneLighting":false,"audioPlay":false,"sceneViewState":{"showFog":true,"showMaterialUpdate":true,"showSkybox":false,"showFlares":true,"showImageEffects":true,"showParticleSystems":true},"in2DMode":false,"pivot":{"x":2.396580457687378,"y":-0.584312915802002,"z":20.671628952026368},"rotation":{"x":-0.34097719192504885,"y":-0.3601725399494171,"z":0.14339607954025269,"w":-0.8564338684082031},"size":4.24523401260376,"orthographic":false}