{"cameraMode":{"drawMode":0,"name":"Shaded","section":"Shading Mode"},"sceneLighting":false,"audioPlay":false,"sceneViewState":{"showFog":true,"showMaterialUpdate":false,"showSkybox":true,"showFlares":true,"showImageEffects":true,"showParticleSystems":true},"in2DMode":false,"pivot":{"x":0.0,"y":1.4771733283996583,"z":0.13018560409545899},"rotation":{"x":-0.08863257616758347,"y":0.534629225730896,"z":-0.05651076138019562,"w":-0.8385239839553833},"size":2.857893466949463,"orthographic":false}