{"cameraMode":{"drawMode":0,"name":"Shaded","section":"Shading Mode"},"sceneLighting":false,"audioPlay":false,"sceneViewState":{"showFog":true,"showMaterialUpdate":true,"showSkybox":false,"showFlares":true,"showImageEffects":true,"showParticleSystems":true},"in2DMode":false,"pivot":{"x":-135.29727172851563,"y":-0.9040336608886719,"z":266.55023193359377},"rotation":{"x":0.0672614574432373,"y":-0.7846912145614624,"z":0.6101324558258057,"w":0.08650324493646622},"size":12.087536811828614,"orthographic":false}