{"cameraMode":{"drawMode":0,"name":"Shaded","section":"Shading Mode"},"sceneLighting":false,"audioPlay":false,"sceneViewState":{"showFog":true,"showMaterialUpdate":true,"showSkybox":false,"showFlares":true,"showImageEffects":true,"showParticleSystems":true},"in2DMode":false,"pivot":{"x":1.415088415145874,"y":0.2090449333190918,"z":-4.149001598358154},"rotation":{"x":0.4312843382358551,"y":-0.27710503339767458,"z":0.1411026418209076,"w":0.8469399809837341},"size":4.797998428344727,"orthographic":false}