{"cameraMode":{"drawMode":0,"name":"Shaded","section":"Shading Mode"},"sceneLighting":false,"audioPlay":false,"sceneViewState":{"showFog":true,"showMaterialUpdate":true,"showSkybox":false,"showFlares":true,"showImageEffects":true,"showParticleSystems":true},"in2DMode":false,"pivot":{"x":0.6309981346130371,"y":0.1152259111404419,"z":6.922292232513428},"rotation":{"x":0.23863442242145539,"y":-0.47983619570732119,"z":0.1374654620885849,"w":0.8330210447311401},"size":4.859142780303955,"orthographic":false}