{"cameraMode":{"drawMode":0,"name":"Shaded","section":"Shading Mode"},"sceneLighting":false,"audioPlay":false,"sceneViewState":{"showFog":true,"showMaterialUpdate":false,"showSkybox":false,"showFlares":true,"showImageEffects":true,"showParticleSystems":true},"in2DMode":false,"pivot":{"x":649.6656494140625,"y":-393.1613464355469,"z":-11.783224105834961},"rotation":{"x":-0.544657826423645,"y":-0.007306679151952267,"z":0.004726746119558811,"w":-0.8386228680610657},"size":1.1136939525604249,"orthographic":false}