{"cameraMode":{"drawMode":0,"name":"Shaded","section":"Shading Mode"},"sceneLighting":false,"audioPlay":false,"sceneViewState":{"showFog":true,"showMaterialUpdate":true,"showSkybox":false,"showFlares":true,"showImageEffects":true,"showParticleSystems":true},"in2DMode":false,"pivot":{"x":-13.010498046875,"y":-36.485748291015628,"z":-144.51803588867188},"rotation":{"x":0.21366888284683228,"y":-0.3527332544326782,"z":0.08309801667928696,"w":0.9072324633598328},"size":446.1273498535156,"orthographic":false}