{"cameraMode":{"drawMode":0,"name":"Shaded","section":"Shading Mode"},"sceneLighting":false,"audioPlay":false,"sceneViewState":{"showFog":true,"showMaterialUpdate":true,"showSkybox":false,"showFlares":true,"showImageEffects":true,"showParticleSystems":true},"in2DMode":false,"pivot":{"x":535.2999877929688,"y":834.4000244140625,"z":0.0},"rotation":{"x":-0.000023300655811908655,"y":-0.9999703168869019,"z":0.0038976911455392839,"w":-0.007203830871731043},"size":988.487548828125,"orthographic":false}