{"cameraMode":{"drawMode":0,"name":"Shaded","section":"Shading Mode"},"sceneLighting":false,"audioPlay":false,"sceneViewState":{"showFog":true,"showMaterialUpdate":true,"showSkybox":false,"showFlares":true,"showImageEffects":true,"showParticleSystems":true},"in2DMode":false,"pivot":{"x":-22.899608612060548,"y":7.440122127532959,"z":9.5367431640625e-7},"rotation":{"x":-0.07795862853527069,"y":0.5453099608421326,"z":-0.05103037506341934,"w":-0.8330512642860413},"size":28.042917251586915,"orthographic":false}