{"cameraMode":{"drawMode":0,"name":"Shaded","section":"Shading Mode"},"sceneLighting":false,"audioPlay":false,"sceneViewState":{"showFog":true,"showMaterialUpdate":true,"showSkybox":false,"showFlares":true,"showImageEffects":true,"showParticleSystems":true},"in2DMode":false,"pivot":{"x":-43.380001068115237,"y":0.0,"z":21.110000610351564},"rotation":{"x":-0.02706063725054264,"y":-0.9011234045028687,"z":-0.056846294552087787,"w":0.42897042632102969},"size":16.919349670410158,"orthographic":true}