{"cameraMode":{"drawMode":0,"name":"Shaded","section":"Shading Mode"},"sceneLighting":false,"audioPlay":false,"sceneViewState":{"showFog":true,"showMaterialUpdate":false,"showSkybox":true,"showFlares":true,"showImageEffects":true,"showParticleSystems":true},"in2DMode":false,"pivot":{"x":0.6871864199638367,"y":1.6487770080566407,"z":0.9638278484344482},"rotation":{"x":-0.46032965183258059,"y":-0.1015981137752533,"z":0.0531272329390049,"w":-0.8803164958953857},"size":5.745234966278076,"orthographic":false}