{"cameraMode":{"drawMode":0,"name":"Shaded","section":"Shading Mode"},"sceneLighting":false,"audioPlay":false,"sceneViewState":{"showFog":true,"showMaterialUpdate":true,"showSkybox":false,"showFlares":true,"showImageEffects":true,"showParticleSystems":true},"in2DMode":false,"pivot":{"x":762.6392211914063,"y":1438.9075927734375,"z":-21.4813232421875},"rotation":{"x":0.07611660659313202,"y":-0.0023954284843057396,"z":-0.00018744308908935636,"w":-0.9971024394035339},"size":1271.24462890625,"orthographic":false}