{"cameraMode":{"drawMode":0,"name":"Shaded","section":"Shading Mode"},"sceneLighting":false,"audioPlay":false,"sceneViewState":{"showFog":true,"showMaterialUpdate":true,"showSkybox":false,"showFlares":true,"showImageEffects":true,"showParticleSystems":true},"in2DMode":false,"pivot":{"x":0.3503913879394531,"y":3.371896266937256,"z":-105.32160949707031},"rotation":{"x":0.2232612818479538,"y":0.03623751923441887,"z":-0.008282268419861794,"w":0.9740769267082214},"size":1286.4158935546875,"orthographic":false}