{"cameraMode":{"drawMode":0,"name":"Shaded","section":"Shading Mode"},"sceneLighting":false,"audioPlay":false,"sceneViewState":{"showFog":true,"showMaterialUpdate":true,"showSkybox":false,"showFlares":true,"showImageEffects":true,"showParticleSystems":true},"in2DMode":false,"pivot":{"x":288.4046936035156,"y":-3.061583342400809e-8,"z":255.54946899414063},"rotation":{"x":0.0672614574432373,"y":-0.7846912145614624,"z":0.6101324558258057,"w":0.08650324493646622},"size":15.221227645874024,"orthographic":false}