{"cameraMode":{"drawMode":0,"name":"Shaded","section":"Shading Mode"},"sceneLighting":false,"audioPlay":false,"sceneViewState":{"showFog":true,"showMaterialUpdate":false,"showSkybox":true,"showFlares":true,"showImageEffects":true,"showParticleSystems":true},"in2DMode":false,"pivot":{"x":-7.450580596923828e-8,"y":0.24516481161117555,"z":-2.9802322387695315e-8},"rotation":{"x":-0.26472237706184389,"y":0.7227605581283569,"z":-0.36560219526290896,"w":-0.5233300924301148},"size":1.1576982736587525,"orthographic":false}