{"cameraMode":{"drawMode":0,"name":"Shaded","section":"Shading Mode"},"sceneLighting":false,"audioPlay":false,"sceneViewState":{"showFog":true,"showMaterialUpdate":true,"showSkybox":false,"showFlares":true,"showImageEffects":true,"showParticleSystems":true},"in2DMode":false,"pivot":{"x":8.246124267578125,"y":12.874855041503907,"z":5325.669921875},"rotation":{"x":0.20093943178653718,"y":-0.0681486502289772,"z":0.01405426673591137,"w":0.9771653413772583},"size":194.5336456298828,"orthographic":false}