{"cameraMode":{"drawMode":0,"name":"Shaded","section":"Shading Mode"},"sceneLighting":false,"audioPlay":false,"sceneViewState":{"showFog":true,"showMaterialUpdate":true,"showSkybox":false,"showFlares":true,"showImageEffects":true,"showParticleSystems":true},"in2DMode":false,"pivot":{"x":-15.86668586730957,"y":-0.17412948608398438,"z":-1.6338310241699219},"rotation":{"x":0.0009208637056872249,"y":0.9929259419441223,"z":-0.11852741241455078,"w":0.0077466401271522049},"size":69.56888580322266,"orthographic":false}