{"cameraMode":{"drawMode":0,"name":"Shaded","section":"Shading Mode"},"sceneLighting":false,"audioPlay":false,"sceneViewState":{"showFog":true,"showMaterialUpdate":true,"showSkybox":false,"showFlares":true,"showImageEffects":true,"showParticleSystems":true},"in2DMode":false,"pivot":{"x":1.2500009536743165,"y":15.216300964355469,"z":-6.5477142333984379},"rotation":{"x":-0.10167884081602097,"y":0.5583891868591309,"z":-0.06921061128377915,"w":-0.8204192519187927},"size":69.79301452636719,"orthographic":false}