{"cameraMode":{"drawMode":0,"name":"Shaded","section":"Shading Mode"},"sceneLighting":false,"audioPlay":false,"sceneViewState":{"showFog":true,"showMaterialUpdate":true,"showSkybox":false,"showFlares":true,"showImageEffects":true,"showParticleSystems":true},"in2DMode":false,"pivot":{"x":-6.993557929992676,"y":1.7259273529052735,"z":-10.403275489807129},"rotation":{"x":-0.008342921733856202,"y":-0.9476445913314819,"z":0.31857284903526308,"w":-0.023874452337622644},"size":12.265575408935547,"orthographic":false}