{"cameraMode":{"drawMode":0,"name":"Shaded","section":"Shading Mode"},"sceneLighting":false,"audioPlay":false,"sceneViewState":{"showFog":true,"showMaterialUpdate":false,"showSkybox":true,"showFlares":true,"showImageEffects":true,"showParticleSystems":true},"in2DMode":false,"pivot":{"x":0.7487330436706543,"y":-0.3000948429107666,"z":1.685171127319336},"rotation":{"x":-0.3464876115322113,"y":0.24942822754383088,"z":-0.09611689299345017,"w":-0.899163007736206},"size":9.208595275878907,"orthographic":false}