{"cameraMode":{"drawMode":0,"name":"Shaded","section":"Shading Mode"},"sceneLighting":false,"audioPlay":false,"sceneViewState":{"showFog":true,"showMaterialUpdate":true,"showSkybox":false,"showFlares":true,"showImageEffects":true,"showParticleSystems":true},"in2DMode":false,"pivot":{"x":89.3587875366211,"y":-99.22265625,"z":856.760498046875},"rotation":{"x":0.30086714029312136,"y":0.11236530542373657,"z":-0.03572078421711922,"w":0.9463755488395691},"size":324.7020263671875,"orthographic":false}