{"cameraMode":{"drawMode":0,"name":"Shaded","section":"Shading Mode"},"sceneLighting":false,"audioPlay":false,"sceneViewState":{"showFog":true,"showMaterialUpdate":true,"showSkybox":false,"showFlares":true,"showImageEffects":true,"showParticleSystems":true},"in2DMode":false,"pivot":{"x":1.6488988399505616,"y":-0.9795761108398438,"z":4.575791358947754},"rotation":{"x":-0.026051100343465806,"y":-0.9469097852706909,"z":0.31044650077819826,"w":-0.07944872975349426},"size":16.91934585571289,"orthographic":false}