{"cameraMode":{"drawMode":0,"name":"Shaded","section":"Shading Mode"},"sceneLighting":false,"audioPlay":false,"sceneViewState":{"showFog":true,"showMaterialUpdate":true,"showSkybox":false,"showFlares":true,"showImageEffects":true,"showParticleSystems":true},"in2DMode":false,"pivot":{"x":-0.9691720008850098,"y":0.447252094745636,"z":-3.682722568511963},"rotation":{"x":-0.17361976206302644,"y":-0.7564566731452942,"z":0.5900046825408936,"w":-0.22261697053909303},"size":3.037097454071045,"orthographic":false}