{"cameraMode":{"drawMode":0,"name":"Shaded","section":"Shading Mode"},"sceneLighting":false,"audioPlay":false,"sceneViewState":{"showFog":true,"showMaterialUpdate":true,"showSkybox":false,"showFlares":true,"showImageEffects":true,"showParticleSystems":true},"in2DMode":false,"pivot":{"x":-34.475738525390628,"y":-3.7752151489257814,"z":993.5547485351563},"rotation":{"x":0.3959544599056244,"y":-0.10246168076992035,"z":0.04453627020120621,"w":0.9114892482757568},"size":137.063720703125,"orthographic":false}