{"cameraMode":{"drawMode":0,"name":"Shaded","section":"Shading Mode"},"sceneLighting":false,"audioPlay":false,"sceneViewState":{"showFog":true,"showMaterialUpdate":true,"showSkybox":false,"showFlares":true,"showImageEffects":true,"showParticleSystems":true},"in2DMode":false,"pivot":{"x":9.831930160522461,"y":6.146495819091797,"z":8.103382110595704},"rotation":{"x":0.5017435550689697,"y":0.2488798052072525,"z":-0.15339115262031556,"w":0.814141571521759},"size":50.39735794067383,"orthographic":false}