{"cameraMode":{"drawMode":0,"name":"Shaded","section":"Shading Mode"},"sceneLighting":false,"audioPlay":false,"sceneViewState":{"showFog":true,"showMaterialUpdate":false,"showSkybox":true,"showFlares":true,"showImageEffects":true,"showParticleSystems":true},"in2DMode":false,"pivot":{"x":11.760000228881836,"y":-0.9300000071525574,"z":-26.3799991607666},"rotation":{"x":-0.03317687660455704,"y":-0.9653169512748718,"z":0.15361426770687104,"w":-0.20848461985588075},"size":22.0,"orthographic":false}