{"cameraMode":{"drawMode":0,"name":"Shaded","section":"Shading Mode"},"sceneLighting":false,"audioPlay":false,"sceneViewState":{"showFog":true,"showMaterialUpdate":true,"showSkybox":false,"showFlares":true,"showImageEffects":true,"showParticleSystems":true},"in2DMode":false,"pivot":{"x":-8.117263793945313,"y":-0.5558004379272461,"z":22.86576271057129},"rotation":{"x":-0.4823334515094757,"y":0.06637396663427353,"z":-0.03667999058961868,"w":-0.8727184534072876},"size":3.252332925796509,"orthographic":false}