{"cameraMode":{"drawMode":0,"name":"Shaded","section":"Shading Mode"},"sceneLighting":false,"audioPlay":false,"sceneViewState":{"showFog":true,"showMaterialUpdate":true,"showSkybox":false,"showFlares":true,"showImageEffects":true,"showParticleSystems":true},"in2DMode":false,"pivot":{"x":6.1942362785339359,"y":-0.008350111544132233,"z":-1.5096021890640259},"rotation":{"x":-1.499618633715727e-7,"y":0.5097622275352478,"z":2.295909666827356e-7,"w":-0.860317587852478},"size":1.292801022529602,"orthographic":true}