{"cameraMode":{"drawMode":0,"name":"Shaded","section":"Shading Mode"},"sceneLighting":false,"audioPlay":false,"sceneViewState":{"showFog":true,"showMaterialUpdate":true,"showSkybox":false,"showFlares":true,"showImageEffects":true,"showParticleSystems":true},"in2DMode":false,"pivot":{"x":221.78778076171876,"y":-113.15646362304688,"z":-721.199951171875},"rotation":{"x":-0.3397917151451111,"y":0.33257821202278139,"z":-0.12988953292369843,"w":-0.87010258436203},"size":731.3402709960938,"orthographic":false}