{"cameraMode":{"drawMode":0,"name":"Shaded","section":"Shading Mode"},"sceneLighting":false,"audioPlay":false,"sceneViewState":{"showFog":true,"showMaterialUpdate":true,"showSkybox":false,"showFlares":true,"showImageEffects":true,"showParticleSystems":true},"in2DMode":false,"pivot":{"x":-3.7791266441345217,"y":0.48692822456359866,"z":20.60570526123047},"rotation":{"x":-0.32826805114746096,"y":0.3447768986225128,"z":-0.13013815879821778,"w":-0.8697609305381775},"size":2.213991403579712,"orthographic":false}