{"cameraMode":{"drawMode":0,"name":"Shaded","section":"Shading Mode"},"sceneLighting":false,"audioPlay":false,"sceneViewState":{"showFog":true,"showMaterialUpdate":true,"showSkybox":false,"showFlares":true,"showImageEffects":true,"showParticleSystems":true},"in2DMode":false,"pivot":{"x":194.40093994140626,"y":-85.46856689453125,"z":905.6422729492188},"rotation":{"x":0.2232612818479538,"y":0.03623751923441887,"z":-0.008282268419861794,"w":0.9740769267082214},"size":596.207763671875,"orthographic":false}