{"cameraMode":{"drawMode":0,"name":"Shaded","section":"Shading Mode"},"sceneLighting":false,"audioPlay":false,"sceneViewState":{"showFog":true,"showMaterialUpdate":true,"showSkybox":false,"showFlares":true,"showImageEffects":true,"showParticleSystems":true},"in2DMode":false,"pivot":{"x":18.6031436920166,"y":-0.8605592250823975,"z":-2.483644962310791},"rotation":{"x":-0.3289787173271179,"y":0.24209536612033845,"z":-0.08766540884971619,"w":-0.908578634262085},"size":6.702278137207031,"orthographic":false}