{"cameraMode":{"drawMode":0,"name":"Shaded","section":"Shading Mode"},"sceneLighting":false,"audioPlay":false,"sceneViewState":{"showFog":true,"showMaterialUpdate":true,"showSkybox":false,"showFlares":true,"showImageEffects":true,"showParticleSystems":true},"in2DMode":false,"pivot":{"x":0.0,"y":-0.4500000774860382,"z":5.21540641784668e-8},"rotation":{"x":-0.2450895756483078,"y":0.038377389311790469,"z":-0.00970989465713501,"w":-0.9686937928199768},"size":2.2331345081329347,"orthographic":false}