{"cameraMode":{"drawMode":0,"name":"Shaded","section":"Shading Mode"},"sceneLighting":false,"audioPlay":false,"sceneViewState":{"showFog":true,"showMaterialUpdate":true,"showSkybox":false,"showFlares":true,"showImageEffects":true,"showParticleSystems":true},"in2DMode":false,"pivot":{"x":21.969669342041017,"y":6.649753570556641,"z":-0.9116506576538086},"rotation":{"x":-0.5659508109092712,"y":0.021502384915947915,"z":-0.014785164967179299,"w":-0.8240441083908081},"size":39.8058967590332,"orthographic":false}