{"cameraMode":{"drawMode":0,"name":"Shaded","section":"Shading Mode"},"sceneLighting":false,"audioPlay":false,"sceneViewState":{"showFog":true,"showMaterialUpdate":true,"showSkybox":false,"showFlares":true,"showImageEffects":true,"showParticleSystems":true},"in2DMode":false,"pivot":{"x":-55.89999771118164,"y":7.671773910522461,"z":-110.71994018554688},"rotation":{"x":-0.3790774941444397,"y":0.007488991133868694,"z":-0.0030781221576035024,"w":-0.92533940076828},"size":128.14816284179688,"orthographic":false}