{"cameraMode":{"drawMode":0,"name":"Shaded","section":"Shading Mode"},"sceneLighting":false,"audioPlay":false,"sceneViewState":{"showFog":true,"showMaterialUpdate":true,"showSkybox":false,"showFlares":true,"showImageEffects":true,"showParticleSystems":true},"in2DMode":false,"pivot":{"x":-38.08304977416992,"y":2.033390998840332,"z":4.031978130340576},"rotation":{"x":-0.07795862853527069,"y":0.5453099608421326,"z":-0.05103037506341934,"w":-0.8330512642860413},"size":25.54613494873047,"orthographic":false}