{"cameraMode":{"drawMode":0,"name":"Shaded","section":"Shading Mode"},"sceneLighting":false,"audioPlay":false,"sceneViewState":{"showFog":true,"showMaterialUpdate":false,"showSkybox":false,"showFlares":true,"showImageEffects":true,"showParticleSystems":true},"in2DMode":false,"pivot":{"x":1009.843505859375,"y":1420.9949951171875,"z":-185.16006469726563},"rotation":{"x":-0.019717490300536157,"y":0.9623088240623474,"z":-0.07260946184396744,"w":-0.26135966181755068},"size":4.709609031677246,"orthographic":false}