{"cameraMode":{"drawMode":0,"name":"Shaded","section":"Shading Mode"},"sceneLighting":false,"audioPlay":false,"sceneViewState":{"showFog":true,"showMaterialUpdate":true,"showSkybox":false,"showFlares":true,"showImageEffects":true,"showParticleSystems":true},"in2DMode":false,"pivot":{"x":172.8699951171875,"y":1811.10009765625,"z":0.0},"rotation":{"x":0.007384500931948423,"y":-0.9903591275215149,"z":0.12544956803321839,"w":0.05829623341560364},"size":394.6178283691406,"orthographic":true}