{"cameraMode":{"drawMode":0,"name":"Shaded","section":"Shading Mode"},"sceneLighting":false,"audioPlay":false,"sceneViewState":{"showFog":true,"showMaterialUpdate":true,"showSkybox":false,"showFlares":true,"showImageEffects":true,"showParticleSystems":true},"in2DMode":false,"pivot":{"x":-25.43000030517578,"y":0.0,"z":11.09000015258789},"rotation":{"x":0.2232612818479538,"y":0.03623751923441887,"z":-0.008282268419861794,"w":0.9740769267082214},"size":16.919343948364259,"orthographic":false}