{"cameraMode":{"drawMode":0,"name":"Shaded","section":"Shading Mode"},"sceneLighting":false,"audioPlay":false,"sceneViewState":{"showFog":true,"showMaterialUpdate":true,"showSkybox":false,"showFlares":true,"showImageEffects":true,"showParticleSystems":true},"in2DMode":false,"pivot":{"x":-16.809999465942384,"y":1.83660888671875,"z":-10.370166778564454},"rotation":{"x":-0.02328912913799286,"y":0.9165436029434204,"z":-0.05397180840373039,"w":-0.39576679468154909},"size":11.77613353729248,"orthographic":false}