{"cameraMode":{"drawMode":0,"name":"Shaded","section":"Shading Mode"},"sceneLighting":false,"audioPlay":false,"sceneViewState":{"showFog":true,"showMaterialUpdate":true,"showSkybox":false,"showFlares":true,"showImageEffects":true,"showParticleSystems":true},"in2DMode":false,"pivot":{"x":541.0833740234375,"y":959.9235229492188,"z":6.885638236999512},"rotation":{"x":-0.16206389665603639,"y":-0.8279677629470825,"z":0.3026089370250702,"w":-0.44344574213027956},"size":58.88153076171875,"orthographic":false}