{"cameraMode":{"drawMode":0,"name":"Shaded","section":"Shading Mode"},"sceneLighting":false,"audioPlay":false,"sceneViewState":{"showFog":true,"showMaterialUpdate":true,"showSkybox":false,"showFlares":true,"showImageEffects":true,"showParticleSystems":true},"in2DMode":false,"pivot":{"x":3.3719968795776369,"y":8.509065628051758,"z":0.2166595458984375},"rotation":{"x":0.07483036071062088,"y":0.9244092702865601,"z":-0.2832305133342743,"w":0.24423173069953919},"size":62.75192642211914,"orthographic":false}