{"cameraMode":{"drawMode":0,"name":"Shaded","section":"Shading Mode"},"sceneLighting":false,"audioPlay":false,"sceneViewState":{"showFog":true,"showMaterialUpdate":true,"showSkybox":false,"showFlares":true,"showImageEffects":true,"showParticleSystems":true},"in2DMode":false,"pivot":{"x":-8.289321899414063,"y":0.2360188364982605,"z":13.43603229522705},"rotation":{"x":-0.18775685131549836,"y":0.23124800622463227,"z":-0.0454501248896122,"w":-0.9535446166992188},"size":1.1359779834747315,"orthographic":false}