{"cameraMode":{"drawMode":0,"name":"Shaded","section":"Shading Mode"},"sceneLighting":false,"audioPlay":false,"sceneViewState":{"showFog":true,"showMaterialUpdate":true,"showSkybox":false,"showFlares":true,"showImageEffects":true,"showParticleSystems":true},"in2DMode":false,"pivot":{"x":-9.15619945526123,"y":-0.1365077793598175,"z":-0.2891967296600342},"rotation":{"x":0.0006753501947969198,"y":0.9985998272895813,"z":-0.012879947200417519,"w":0.051583778113126758},"size":4.294174671173096,"orthographic":false}