{"cameraMode":{"drawMode":0,"name":"Shaded","section":"Shading Mode"},"sceneLighting":false,"audioPlay":false,"sceneViewState":{"showFog":true,"showMaterialUpdate":true,"showSkybox":false,"showFlares":true,"showImageEffects":true,"showParticleSystems":true},"in2DMode":false,"pivot":{"x":508.2281188964844,"y":-0.07000000774860382,"z":697.1637573242188},"rotation":{"x":0.1848469376564026,"y":-0.7437849044799805,"z":0.6001153588294983,"w":0.22909821569919587},"size":20.064550399780275,"orthographic":false}