{"cameraMode":{"drawMode":0,"name":"Shaded","section":"Shading Mode"},"sceneLighting":false,"audioPlay":false,"sceneViewState":{"showFog":true,"showMaterialUpdate":false,"showSkybox":true,"showFlares":true,"showImageEffects":true,"showParticleSystems":true},"in2DMode":false,"pivot":{"x":0.0,"y":0.3638625144958496,"z":0.5489999651908875},"rotation":{"x":-0.10385377705097199,"y":0.8882931470870972,"z":-0.24757543206214906,"w":-0.37263554334640505},"size":1.5369329452514649,"orthographic":false}