{"cameraMode":{"drawMode":0,"name":"Shaded","section":"Shading Mode"},"sceneLighting":false,"audioPlay":false,"sceneViewState":{"showFog":true,"showMaterialUpdate":true,"showSkybox":false,"showFlares":true,"showImageEffects":true,"showParticleSystems":true},"in2DMode":false,"pivot":{"x":39.4469108581543,"y":45.82893371582031,"z":946.7485961914063},"rotation":{"x":0.21366888284683228,"y":-0.3527332544326782,"z":0.08309801667928696,"w":0.9072324633598328},"size":377.24114990234377,"orthographic":false}