{"cameraMode":{"drawMode":0,"name":"Shaded","section":"Shading Mode"},"sceneLighting":false,"audioPlay":false,"sceneViewState":{"showFog":true,"showMaterialUpdate":false,"showSkybox":true,"showFlares":true,"showImageEffects":true,"showParticleSystems":true},"in2DMode":false,"pivot":{"x":1.7881393432617188e-7,"y":0.7403297424316406,"z":0.12258237600326538},"rotation":{"x":-0.26472237706184389,"y":0.7227605581283569,"z":-0.36560219526290896,"w":-0.5233300924301148},"size":2.8580079078674318,"orthographic":false}