{"cameraMode":{"drawMode":0,"name":"Shaded","section":"Shading Mode"},"sceneLighting":false,"audioPlay":false,"sceneViewState":{"showFog":true,"showMaterialUpdate":true,"showSkybox":false,"showFlares":true,"showImageEffects":true,"showParticleSystems":true},"in2DMode":false,"pivot":{"x":-34.63397979736328,"y":-0.07947921752929688,"z":-14.006759643554688},"rotation":{"x":0.0672614574432373,"y":-0.7846912145614624,"z":0.6101324558258057,"w":0.08650324493646622},"size":11.027402877807618,"orthographic":false}