{"cameraMode":{"drawMode":0,"name":"Shaded","section":"Shading Mode"},"sceneLighting":false,"audioPlay":false,"sceneViewState":{"showFog":true,"showMaterialUpdate":true,"showSkybox":false,"showFlares":true,"showImageEffects":true,"showParticleSystems":true},"in2DMode":false,"pivot":{"x":0.8047735095024109,"y":0.08952726423740387,"z":11.82072925567627},"rotation":{"x":-0.4261481463909149,"y":-0.17505702376365663,"z":0.08443144708871842,"w":-0.8835521936416626},"size":2.7014667987823488,"orthographic":false}