{"cameraMode":{"drawMode":0,"name":"Shaded","section":"Shading Mode"},"sceneLighting":false,"audioPlay":false,"sceneViewState":{"showFog":true,"showMaterialUpdate":true,"showSkybox":false,"showFlares":true,"showImageEffects":true,"showParticleSystems":true},"in2DMode":false,"pivot":{"x":4.599372863769531,"y":0.21685397624969483,"z":24.953357696533204},"rotation":{"x":-0.3345251977443695,"y":0.5678709745407105,"z":-0.2707645893096924,"w":-0.701665461063385},"size":4.540320873260498,"orthographic":false}