{"cameraMode":{"drawMode":0,"name":"Shaded","section":"Shading Mode"},"sceneLighting":false,"audioPlay":false,"sceneViewState":{"showFog":true,"showMaterialUpdate":true,"showSkybox":false,"showFlares":true,"showImageEffects":true,"showParticleSystems":true},"in2DMode":false,"pivot":{"x":-22.369348526000978,"y":0.05529627203941345,"z":-2.312020778656006},"rotation":{"x":-0.0068977754563093189,"y":-0.00959307886660099,"z":0.00005709078686777502,"w":-0.9999455809593201},"size":2.3692445755004885,"orthographic":false}