{"cameraMode":{"drawMode":0,"name":"Shaded","section":"Shading Mode"},"sceneLighting":false,"audioPlay":false,"sceneViewState":{"showFog":true,"showMaterialUpdate":true,"showSkybox":false,"showFlares":true,"showImageEffects":true,"showParticleSystems":true},"in2DMode":false,"pivot":{"x":-4.963359832763672,"y":-0.3398083448410034,"z":6.743055820465088},"rotation":{"x":0.27955910563468935,"y":0.032540254294872287,"z":-0.00947523582726717,"w":0.9595353007316589},"size":2.4459784030914308,"orthographic":false}