{"cameraMode":{"drawMode":0,"name":"Shaded","section":"Shading Mode"},"sceneLighting":false,"audioPlay":false,"sceneViewState":{"showFog":true,"showMaterialUpdate":true,"showSkybox":false,"showFlares":true,"showImageEffects":true,"showParticleSystems":true},"in2DMode":false,"pivot":{"x":0.7503910064697266,"y":0.3318963050842285,"z":957.3516845703125},"rotation":{"x":0.21366888284683228,"y":-0.3527332544326782,"z":0.08309801667928696,"w":0.9072324633598328},"size":718.5135498046875,"orthographic":false}