{"cameraMode":{"drawMode":0,"name":"Shaded","section":"Shading Mode"},"sceneLighting":false,"audioPlay":false,"sceneViewState":{"showFog":true,"showMaterialUpdate":true,"showSkybox":false,"showFlares":true,"showImageEffects":true,"showParticleSystems":true},"in2DMode":false,"pivot":{"x":9.022194862365723,"y":18.75799560546875,"z":1899.8387451171875},"rotation":{"x":-0.5659508109092712,"y":0.021502384915947915,"z":-0.014785164967179299,"w":-0.8240441083908081},"size":86.51993560791016,"orthographic":false}