{"cameraMode":{"drawMode":0,"name":"Shaded","section":"Shading Mode"},"sceneLighting":false,"audioPlay":false,"sceneViewState":{"showFog":true,"showMaterialUpdate":true,"showSkybox":false,"showFlares":true,"showImageEffects":true,"showParticleSystems":true},"in2DMode":false,"pivot":{"x":4.655411720275879,"y":3.6905250549316408,"z":5.707276344299316},"rotation":{"x":0.5017435550689697,"y":0.2488798052072525,"z":-0.15339115262031556,"w":0.814141571521759},"size":59.231319427490237,"orthographic":false}