{"cameraMode":{"drawMode":0,"name":"Shaded","section":"Shading Mode"},"sceneLighting":false,"audioPlay":false,"sceneViewState":{"showFog":true,"showMaterialUpdate":true,"showSkybox":false,"showFlares":true,"showImageEffects":true,"showParticleSystems":true},"in2DMode":false,"pivot":{"x":6.695742607116699,"y":0.14370352029800416,"z":7.1651787757873539},"rotation":{"x":-0.12740984559059144,"y":0.09892042726278305,"z":-0.012763714417815209,"w":-0.9868437647819519},"size":4.083255290985107,"orthographic":false}