{"cameraMode":{"drawMode":0,"name":"Shaded","section":"Shading Mode"},"sceneLighting":false,"audioPlay":false,"sceneViewState":{"showFog":true,"showMaterialUpdate":true,"showSkybox":false,"showFlares":true,"showImageEffects":true,"showParticleSystems":true},"in2DMode":false,"pivot":{"x":8.710823059082032,"y":8.02645492553711,"z":13.36601448059082},"rotation":{"x":0.5017435550689697,"y":0.2488798052072525,"z":-0.15339115262031556,"w":0.814141571521759},"size":40.80782699584961,"orthographic":false}