{"cameraMode":{"drawMode":0,"name":"Shaded","section":"Shading Mode"},"sceneLighting":false,"audioPlay":false,"sceneViewState":{"showFog":true,"showMaterialUpdate":true,"showSkybox":false,"showFlares":true,"showImageEffects":true,"showParticleSystems":true},"in2DMode":false,"pivot":{"x":-13.4942626953125,"y":-0.1031494140625,"z":-1.65478515625},"rotation":{"x":-0.5715940594673157,"y":0.1756529062986374,"z":-0.12686268985271455,"w":-0.7914124727249146},"size":1.143728494644165,"orthographic":true}