{"cameraMode":{"drawMode":0,"name":"Shaded","section":"Shading Mode"},"sceneLighting":false,"audioPlay":false,"sceneViewState":{"showFog":true,"showMaterialUpdate":true,"showSkybox":false,"showFlares":true,"showImageEffects":true,"showParticleSystems":true},"in2DMode":false,"pivot":{"x":269.4937744140625,"y":-16.48138427734375,"z":664.7244262695313},"rotation":{"x":0.03958820179104805,"y":-0.8718845844268799,"z":0.4829156696796417,"w":0.07153256237506867},"size":238.600341796875,"orthographic":false}