{"cameraMode":{"drawMode":0,"name":"Shaded","section":"Shading Mode"},"sceneLighting":false,"audioPlay":false,"sceneViewState":{"showFog":true,"showMaterialUpdate":true,"showSkybox":false,"showFlares":true,"showImageEffects":true,"showParticleSystems":true},"in2DMode":false,"pivot":{"x":5.75634765625,"y":0.00189208984375,"z":-0.3011474609375},"rotation":{"x":0.07045003026723862,"y":-0.7446017265319824,"z":0.07960020005702973,"w":0.6589937806129456},"size":2.3448431491851808,"orthographic":true}