{"cameraMode":{"drawMode":0,"name":"Shaded","section":"Shading Mode"},"sceneLighting":false,"audioPlay":false,"sceneViewState":{"showFog":true,"showMaterialUpdate":true,"showSkybox":false,"showFlares":true,"showImageEffects":true,"showParticleSystems":true},"in2DMode":false,"pivot":{"x":-0.046328067779541019,"y":1.5505828857421876,"z":26.242521286010743},"rotation":{"x":0.5017435550689697,"y":0.2488798052072525,"z":-0.15339115262031556,"w":0.814141571521759},"size":81.44449615478516,"orthographic":false}