{"cameraMode":{"drawMode":0,"name":"Shaded","section":"Shading Mode"},"sceneLighting":false,"audioPlay":false,"sceneViewState":{"showFog":true,"showMaterialUpdate":true,"showSkybox":false,"showFlares":true,"showImageEffects":true,"showParticleSystems":true},"in2DMode":false,"pivot":{"x":13.457571029663086,"y":0.07703709602355957,"z":-1.6448612213134766},"rotation":{"x":0.0477084256708622,"y":0.10647157579660416,"z":-0.005112348590046167,"w":0.9931612610816956},"size":2.7385878562927248,"orthographic":false}