{"cameraMode":{"drawMode":0,"name":"Shaded","section":"Shading Mode"},"sceneLighting":false,"audioPlay":false,"sceneViewState":{"showFog":true,"showMaterialUpdate":true,"showSkybox":false,"showFlares":true,"showImageEffects":true,"showParticleSystems":true},"in2DMode":false,"pivot":{"x":0.7595114707946777,"y":10.922256469726563,"z":-49.652347564697269},"rotation":{"x":-0.18619540333747865,"y":0.07272858917713165,"z":-0.013823015615344048,"w":-0.9797229170799255},"size":36.62899398803711,"orthographic":false}