{"cameraMode":{"drawMode":0,"name":"Shaded","section":"Shading Mode"},"sceneLighting":false,"audioPlay":false,"sceneViewState":{"showFog":true,"showMaterialUpdate":true,"showSkybox":false,"showFlares":true,"showImageEffects":true,"showParticleSystems":true},"in2DMode":false,"pivot":{"x":0.39935964345932009,"y":0.5123871564865112,"z":-1.8882546424865723},"rotation":{"x":-0.6525900959968567,"y":0.0020415973849594595,"z":-0.0017591104842722417,"w":-0.7577073574066162},"size":1.9910342693328858,"orthographic":false}