{"cameraMode":{"drawMode":0,"name":"Shaded","section":"Shading Mode"},"sceneLighting":false,"audioPlay":false,"sceneViewState":{"showFog":true,"showMaterialUpdate":true,"showSkybox":false,"showFlares":true,"showImageEffects":true,"showParticleSystems":true},"in2DMode":false,"pivot":{"x":8.624079704284668,"y":-0.20362891256809236,"z":14.625661849975586},"rotation":{"x":0.06859483569860459,"y":0.10038617253303528,"z":-0.006938480772078037,"w":0.9925581812858582},"size":3.2431299686431886,"orthographic":false}