{"cameraMode":{"drawMode":0,"name":"Shaded","section":"Shading Mode"},"sceneLighting":false,"audioPlay":false,"sceneViewState":{"showFog":true,"showMaterialUpdate":true,"showSkybox":false,"showFlares":true,"showImageEffects":true,"showParticleSystems":true},"in2DMode":false,"pivot":{"x":4.474025726318359,"y":5.085982322692871,"z":14.606411933898926},"rotation":{"x":0.409332275390625,"y":-0.5895465612411499,"z":0.5155091881752014,"w":0.46811965107917788},"size":1.5343663692474366,"orthographic":false}