{"cameraMode":{"drawMode":0,"name":"Shaded","section":"Shading Mode"},"sceneLighting":false,"audioPlay":false,"sceneViewState":{"showFog":true,"showMaterialUpdate":true,"showSkybox":false,"showFlares":true,"showImageEffects":true,"showParticleSystems":true},"in2DMode":false,"pivot":{"x":282.85040283203127,"y":5.671896457672119,"z":1222.14990234375},"rotation":{"x":0.09950251132249832,"y":-0.6855555176734924,"z":0.09544136375188828,"w":0.7148975133895874},"size":74.01080322265625,"orthographic":false}