{"cameraMode":{"drawMode":0,"name":"Shaded","section":"Shading Mode"},"sceneLighting":false,"audioPlay":false,"sceneViewState":{"showFog":true,"showMaterialUpdate":true,"showSkybox":false,"showFlares":true,"showImageEffects":true,"showParticleSystems":true},"in2DMode":false,"pivot":{"x":-1.0311779975891114,"y":-0.7890129089355469,"z":5.608654975891113},"rotation":{"x":0.5088310241699219,"y":0.020912081003189088,"z":-0.012365808710455895,"w":0.8605257272720337},"size":2.6874430179595949,"orthographic":false}