{"cameraMode":{"drawMode":0,"name":"Shaded","section":"Shading Mode"},"sceneLighting":false,"audioPlay":false,"sceneViewState":{"showFog":true,"showMaterialUpdate":true,"showSkybox":false,"showFlares":true,"showImageEffects":true,"showParticleSystems":true},"in2DMode":false,"pivot":{"x":-59.099998474121097,"y":6.926612377166748,"z":7.152557373046875e-7},"rotation":{"x":-0.031764719635248187,"y":0.05005136504769325,"z":-0.0015950145898386837,"w":-0.9982500672340393},"size":26.046541213989259,"orthographic":false}