{"cameraMode":{"drawMode":0,"name":"Shaded","section":"Shading Mode"},"sceneLighting":false,"audioPlay":false,"sceneViewState":{"showFog":true,"showMaterialUpdate":true,"showSkybox":false,"showFlares":true,"showImageEffects":true,"showParticleSystems":true},"in2DMode":false,"pivot":{"x":258.6009521484375,"y":-111.65278625488281,"z":-973.4766235351563},"rotation":{"x":-0.3397917151451111,"y":0.33257821202278139,"z":-0.12988953292369843,"w":-0.87010258436203},"size":359.65185546875,"orthographic":false}