{"cameraMode":{"drawMode":0,"name":"Shaded","section":"Shading Mode"},"sceneLighting":false,"audioPlay":false,"sceneViewState":{"showFog":true,"showMaterialUpdate":false,"showSkybox":true,"showFlares":true,"showImageEffects":true,"showParticleSystems":true},"in2DMode":false,"pivot":{"x":0.04208850860595703,"y":0.022556304931640626,"z":3.1425647735595705},"rotation":{"x":-0.22029411792755128,"y":0.6662911176681519,"z":-0.21623368561267854,"w":-0.6788017153739929},"size":6.958361625671387,"orthographic":false}