{"cameraMode":{"drawMode":0,"name":"Shaded","section":"Shading Mode"},"sceneLighting":false,"audioPlay":false,"sceneViewState":{"showFog":true,"showMaterialUpdate":true,"showSkybox":false,"showFlares":true,"showImageEffects":true,"showParticleSystems":true},"in2DMode":false,"pivot":{"x":-0.008105650544166565,"y":-0.03787630796432495,"z":13.548526763916016},"rotation":{"x":0.13452807068824769,"y":-0.030319465324282647,"z":0.004115477669984102,"w":0.9904395341873169},"size":1.2964272499084473,"orthographic":false}