{"cameraMode":{"drawMode":0,"name":"Shaded","section":"Shading Mode"},"sceneLighting":false,"audioPlay":false,"sceneViewState":{"showFog":true,"showMaterialUpdate":true,"showSkybox":false,"showFlares":true,"showImageEffects":true,"showParticleSystems":true},"in2DMode":false,"pivot":{"x":-10.848217010498047,"y":-0.0933268666267395,"z":5.6793622970581059},"rotation":{"x":-0.14527496695518495,"y":0.5420648455619812,"z":-0.09578638523817063,"w":-0.8221465349197388},"size":2.2374563217163088,"orthographic":false}