{"cameraMode":{"drawMode":0,"name":"Shaded","section":"Shading Mode"},"sceneLighting":false,"audioPlay":false,"sceneViewState":{"showFog":true,"showMaterialUpdate":true,"showSkybox":false,"showFlares":true,"showImageEffects":true,"showParticleSystems":true},"in2DMode":false,"pivot":{"x":-23.577903747558595,"y":-0.1626819372177124,"z":-0.3425867557525635},"rotation":{"x":0.08497542887926102,"y":-0.8491158485412598,"z":0.14400964975357057,"w":0.5010454058647156},"size":3.053804636001587,"orthographic":false}