{"cameraMode":{"drawMode":0,"name":"Shaded","section":"Shading Mode"},"sceneLighting":false,"audioPlay":false,"sceneViewState":{"showFog":true,"showMaterialUpdate":true,"showSkybox":false,"showFlares":true,"showImageEffects":true,"showParticleSystems":true},"in2DMode":false,"pivot":{"x":-17.786832809448243,"y":-0.303574800491333,"z":-1.6053216457366944},"rotation":{"x":-0.06353698670864105,"y":-0.09922884404659271,"z":0.006368024740368128,"w":-0.9930343627929688},"size":2.7617061138153078,"orthographic":false}