{"cameraMode":{"drawMode":0,"name":"Shaded","section":"Shading Mode"},"sceneLighting":false,"audioPlay":false,"sceneViewState":{"showFog":true,"showMaterialUpdate":true,"showSkybox":false,"showFlares":true,"showImageEffects":true,"showParticleSystems":true},"in2DMode":false,"pivot":{"x":-214.81349182128907,"y":13.542989730834961,"z":260.2901916503906},"rotation":{"x":-0.4405367076396942,"y":0.01938590779900551,"z":-0.009515668265521527,"w":-0.897477924823761},"size":17.475900650024415,"orthographic":false}